kickoff_order,espn_event_id,stage_zh,group,beijing_datetime,beijing_date,beijing_time,beijing_weekday,home_team,home_team_zh,away_team,away_team_zh,fixture,fixture_zh,home_score,away_score,result,status_state,status_zh,status_detail,venue,city,country,utc_datetime
1,760415,小组赛,A,2026-06-12T03:00:00+08:00,2026-06-12,03:00,周五,Mexico,墨西哥,South Africa,南非,Mexico vs South Africa,墨西哥 vs 南非,2,0,home_win,post,已完赛,FT,Estadio Banorte,Mexico City,Mexico,2026-06-11T19:00Z
2,760414,小组赛,A,2026-06-12T10:00:00+08:00,2026-06-12,10:00,周五,South Korea,韩国,Czechia,捷克,South Korea vs Czechia,韩国 vs 捷克,2,1,home_win,post,已完赛,FT,Estadio Akron,Guadalajara,Mexico,2026-06-12T02:00Z
3,760416,小组赛,B,2026-06-13T03:00:00+08:00,2026-06-13,03:00,周六,Canada,加拿大,Bosnia-Herzegovina,波黑,Canada vs Bosnia-Herzegovina,加拿大 vs 波黑,1,1,draw,post,已完赛,FT,BMO Field,Toronto,Canada,2026-06-12T19:00Z
4,760417,小组赛,D,2026-06-13T09:00:00+08:00,2026-06-13,09:00,周六,United States,美国,Paraguay,巴拉圭,United States vs Paraguay,美国 vs 巴拉圭,4,1,home_win,post,已完赛,FT,SoFi Stadium,"Inglewood, California",USA,2026-06-13T01:00Z
5,760420,小组赛,B,2026-06-14T03:00:00+08:00,2026-06-14,03:00,周日,Qatar,卡塔尔,Switzerland,瑞士,Qatar vs Switzerland,卡塔尔 vs 瑞士,1,1,draw,post,已完赛,FT,Levi's Stadium,"Santa Clara, California",USA,2026-06-13T19:00Z
6,760419,小组赛,C,2026-06-14T06:00:00+08:00,2026-06-14,06:00,周日,Brazil,巴西,Morocco,摩洛哥,Brazil vs Morocco,巴西 vs 摩洛哥,1,1,draw,post,已完赛,FT,MetLife Stadium,"East Rutherford, New Jersey",USA,2026-06-13T22:00Z
7,760418,小组赛,C,2026-06-14T09:00:00+08:00,2026-06-14,09:00,周日,Haiti,海地,Scotland,苏格兰,Haiti vs Scotland,海地 vs 苏格兰,0,1,away_win,post,已完赛,FT,Gillette Stadium,"Foxborough, Massachusetts",USA,2026-06-14T01:00Z
8,760421,小组赛,D,2026-06-14T12:00:00+08:00,2026-06-14,12:00,周日,Australia,澳大利亚,Türkiye,土耳其,Australia vs Türkiye,澳大利亚 vs 土耳其,2,0,home_win,post,已完赛,FT,BC Place,Vancouver,Canada,2026-06-14T04:00Z
9,760422,小组赛,E,2026-06-15T01:00:00+08:00,2026-06-15,01:00,周一,Germany,德国,Curaçao,库拉索,Germany vs Curaçao,德国 vs 库拉索,7,1,home_win,post,已完赛,FT,NRG Stadium,"Houston, Texas",USA,2026-06-14T17:00Z
10,760425,小组赛,F,2026-06-15T04:00:00+08:00,2026-06-15,04:00,周一,Netherlands,荷兰,Japan,日本,Netherlands vs Japan,荷兰 vs 日本,2,2,draw,post,已完赛,FT,AT&T Stadium,"Arlington, Texas",USA,2026-06-14T20:00Z
11,760423,小组赛,E,2026-06-15T07:00:00+08:00,2026-06-15,07:00,周一,Ivory Coast,科特迪瓦,Ecuador,厄瓜多尔,Ivory Coast vs Ecuador,科特迪瓦 vs 厄瓜多尔,1,0,home_win,post,已完赛,FT,Lincoln Financial Field,"Philadelphia, Pennsylvania",USA,2026-06-14T23:00Z
12,760424,小组赛,F,2026-06-15T10:00:00+08:00,2026-06-15,10:00,周一,Sweden,瑞典,Tunisia,突尼斯,Sweden vs Tunisia,瑞典 vs 突尼斯,5,1,home_win,post,已完赛,FT,Estadio BBVA,Guadalupe,Mexico,2026-06-15T02:00Z
13,760428,小组赛,H,2026-06-16T00:00:00+08:00,2026-06-16,00:00,周二,Spain,西班牙,Cape Verde,佛得角,Spain vs Cape Verde,西班牙 vs 佛得角,0,0,draw,post,已完赛,FT,Mercedes-Benz Stadium,"Atlanta, Georgia",USA,2026-06-15T16:00Z
14,760426,小组赛,G,2026-06-16T03:00:00+08:00,2026-06-16,03:00,周二,Belgium,比利时,Egypt,埃及,Belgium vs Egypt,比利时 vs 埃及,1,1,draw,post,已完赛,FT,Lumen Field,"Seattle, Washington",USA,2026-06-15T19:00Z
15,760429,小组赛,H,2026-06-16T06:00:00+08:00,2026-06-16,06:00,周二,Saudi Arabia,沙特阿拉伯,Uruguay,乌拉圭,Saudi Arabia vs Uruguay,沙特阿拉伯 vs 乌拉圭,1,1,draw,post,已完赛,FT,Hard Rock Stadium,"Miami Gardens, Florida",USA,2026-06-15T22:00Z
16,760427,小组赛,G,2026-06-16T09:00:00+08:00,2026-06-16,09:00,周二,Iran,伊朗,New Zealand,新西兰,Iran vs New Zealand,伊朗 vs 新西兰,2,2,draw,post,已完赛,FT,SoFi Stadium,"Inglewood, California",USA,2026-06-16T01:00Z
17,760432,小组赛,I,2026-06-17T03:00:00+08:00,2026-06-17,03:00,周三,France,法国,Senegal,塞内加尔,France vs Senegal,法国 vs 塞内加尔,3,1,home_win,post,已完赛,FT,MetLife Stadium,"East Rutherford, New Jersey",USA,2026-06-16T19:00Z
18,760430,小组赛,I,2026-06-17T06:00:00+08:00,2026-06-17,06:00,周三,Iraq,伊拉克,Norway,挪威,Iraq vs Norway,伊拉克 vs 挪威,1,4,away_win,post,已完赛,FT,Gillette Stadium,"Foxborough, Massachusetts",USA,2026-06-16T22:00Z
19,760433,小组赛,J,2026-06-17T09:00:00+08:00,2026-06-17,09:00,周三,Argentina,阿根廷,Algeria,阿尔及利亚,Argentina vs Algeria,阿根廷 vs 阿尔及利亚,3,0,home_win,post,已完赛,FT,GEHA Field at Arrowhead Stadium,"Kansas City, Missouri",USA,2026-06-17T01:00Z
20,760431,小组赛,J,2026-06-17T12:00:00+08:00,2026-06-17,12:00,周三,Austria,奥地利,Jordan,约旦,Austria vs Jordan,奥地利 vs 约旦,3,1,home_win,post,已完赛,FT,Levi's Stadium,"Santa Clara, California",USA,2026-06-17T04:00Z
21,760435,小组赛,K,2026-06-18T01:00:00+08:00,2026-06-18,01:00,周四,Portugal,葡萄牙,Congo DR,刚果(金),Portugal vs Congo DR,葡萄牙 vs 刚果(金),1,1,draw,post,已完赛,FT,NRG Stadium,"Houston, Texas",USA,2026-06-17T17:00Z
22,760437,小组赛,L,2026-06-18T04:00:00+08:00,2026-06-18,04:00,周四,England,英格兰,Croatia,克罗地亚,England vs Croatia,英格兰 vs 克罗地亚,4,2,home_win,post,已完赛,FT,AT&T Stadium,"Arlington, Texas",USA,2026-06-17T20:00Z
23,760434,小组赛,L,2026-06-18T07:00:00+08:00,2026-06-18,07:00,周四,Ghana,加纳,Panama,巴拿马,Ghana vs Panama,加纳 vs 巴拿马,1,0,home_win,post,已完赛,FT,BMO Field,Toronto,Canada,2026-06-17T23:00Z
24,760436,小组赛,K,2026-06-18T10:00:00+08:00,2026-06-18,10:00,周四,Uzbekistan,乌兹别克斯坦,Colombia,哥伦比亚,Uzbekistan vs Colombia,乌兹别克斯坦 vs 哥伦比亚,1,3,away_win,post,已完赛,FT,Estadio Banorte,Mexico City,Mexico,2026-06-18T02:00Z
25,760438,小组赛,A,2026-06-19T00:00:00+08:00,2026-06-19,00:00,周五,Czechia,捷克,South Africa,南非,Czechia vs South Africa,捷克 vs 南非,1,1,draw,post,已完赛,FT,Mercedes-Benz Stadium,"Atlanta, Georgia",USA,2026-06-18T16:00Z
26,760439,小组赛,B,2026-06-19T03:00:00+08:00,2026-06-19,03:00,周五,Switzerland,瑞士,Bosnia-Herzegovina,波黑,Switzerland vs Bosnia-Herzegovina,瑞士 vs 波黑,4,1,home_win,post,已完赛,FT,SoFi Stadium,"Inglewood, California",USA,2026-06-18T19:00Z
27,760440,小组赛,B,2026-06-19T06:00:00+08:00,2026-06-19,06:00,周五,Canada,加拿大,Qatar,卡塔尔,Canada vs Qatar,加拿大 vs 卡塔尔,6,0,home_win,post,已完赛,FT,BC Place,Vancouver,Canada,2026-06-18T22:00Z
28,760441,小组赛,A,2026-06-19T09:00:00+08:00,2026-06-19,09:00,周五,Mexico,墨西哥,South Korea,韩国,Mexico vs South Korea,墨西哥 vs 韩国,1,0,home_win,post,已完赛,FT,Estadio Akron,Guadalajara,Mexico,2026-06-19T01:00Z
29,760442,小组赛,D,2026-06-20T03:00:00+08:00,2026-06-20,03:00,周六,United States,美国,Australia,澳大利亚,United States vs Australia,美国 vs 澳大利亚,2,0,home_win,post,已完赛,FT,Lumen Field,"Seattle, Washington",USA,2026-06-19T19:00Z
30,760445,小组赛,C,2026-06-20T06:00:00+08:00,2026-06-20,06:00,周六,Scotland,苏格兰,Morocco,摩洛哥,Scotland vs Morocco,苏格兰 vs 摩洛哥,0,1,away_win,post,已完赛,FT,Gillette Stadium,"Foxborough, Massachusetts",USA,2026-06-19T22:00Z
31,760444,小组赛,C,2026-06-20T08:30:00+08:00,2026-06-20,08:30,周六,Brazil,巴西,Haiti,海地,Brazil vs Haiti,巴西 vs 海地,3,0,home_win,post,已完赛,FT,Lincoln Financial Field,"Philadelphia, Pennsylvania",USA,2026-06-20T00:30Z
32,760443,小组赛,D,2026-06-20T11:00:00+08:00,2026-06-20,11:00,周六,Türkiye,土耳其,Paraguay,巴拉圭,Türkiye vs Paraguay,土耳其 vs 巴拉圭,0,1,away_win,post,已完赛,FT,Levi's Stadium,"Santa Clara, California",USA,2026-06-20T03:00Z
33,760447,小组赛,F,2026-06-21T01:00:00+08:00,2026-06-21,01:00,周日,Netherlands,荷兰,Sweden,瑞典,Netherlands vs Sweden,荷兰 vs 瑞典,5,1,home_win,post,已完赛,FT,NRG Stadium,"Houston, Texas",USA,2026-06-20T17:00Z
34,760448,小组赛,E,2026-06-21T04:00:00+08:00,2026-06-21,04:00,周日,Germany,德国,Ivory Coast,科特迪瓦,Germany vs Ivory Coast,德国 vs 科特迪瓦,2,1,home_win,post,已完赛,FT,BMO Field,Toronto,Canada,2026-06-20T20:00Z
35,760446,小组赛,E,2026-06-21T08:00:00+08:00,2026-06-21,08:00,周日,Ecuador,厄瓜多尔,Curaçao,库拉索,Ecuador vs Curaçao,厄瓜多尔 vs 库拉索,0,0,draw,post,已完赛,FT,GEHA Field at Arrowhead Stadium,"Kansas City, Missouri",USA,2026-06-21T00:00Z
36,760449,小组赛,F,2026-06-21T12:00:00+08:00,2026-06-21,12:00,周日,Tunisia,突尼斯,Japan,日本,Tunisia vs Japan,突尼斯 vs 日本,0,4,away_win,post,已完赛,FT,Estadio BBVA,Guadalupe,Mexico,2026-06-21T04:00Z
37,760453,小组赛,H,2026-06-22T00:00:00+08:00,2026-06-22,00:00,周一,Spain,西班牙,Saudi Arabia,沙特阿拉伯,Spain vs Saudi Arabia,西班牙 vs 沙特阿拉伯,4,0,home_win,post,已完赛,FT,Mercedes-Benz Stadium,"Atlanta, Georgia",USA,2026-06-21T16:00Z
38,760451,小组赛,G,2026-06-22T03:00:00+08:00,2026-06-22,03:00,周一,Belgium,比利时,Iran,伊朗,Belgium vs Iran,比利时 vs 伊朗,0,0,draw,post,已完赛,FT,SoFi Stadium,"Inglewood, California",USA,2026-06-21T19:00Z
39,760450,小组赛,H,2026-06-22T06:00:00+08:00,2026-06-22,06:00,周一,Uruguay,乌拉圭,Cape Verde,佛得角,Uruguay vs Cape Verde,乌拉圭 vs 佛得角,2,2,draw,post,已完赛,FT,Hard Rock Stadium,"Miami Gardens, Florida",USA,2026-06-21T22:00Z
40,760452,小组赛,G,2026-06-22T09:00:00+08:00,2026-06-22,09:00,周一,New Zealand,新西兰,Egypt,埃及,New Zealand vs Egypt,新西兰 vs 埃及,1,3,away_win,post,已完赛,FT,BC Place,Vancouver,Canada,2026-06-22T01:00Z
41,760456,小组赛,J,2026-06-23T01:00:00+08:00,2026-06-23,01:00,周二,Argentina,阿根廷,Austria,奥地利,Argentina vs Austria,阿根廷 vs 奥地利,2,0,home_win,post,已完赛,FT,AT&T Stadium,"Arlington, Texas",USA,2026-06-22T17:00Z
42,760457,小组赛,I,2026-06-23T05:00:00+08:00,2026-06-23,05:00,周二,France,法国,Iraq,伊拉克,France vs Iraq,法国 vs 伊拉克,3,0,home_win,post,已完赛,FT,Lincoln Financial Field,"Philadelphia, Pennsylvania",USA,2026-06-22T21:00Z
43,760454,小组赛,I,2026-06-23T08:00:00+08:00,2026-06-23,08:00,周二,Norway,挪威,Senegal,塞内加尔,Norway vs Senegal,挪威 vs 塞内加尔,3,2,home_win,post,已完赛,FT,MetLife Stadium,"East Rutherford, New Jersey",USA,2026-06-23T00:00Z
44,760455,小组赛,J,2026-06-23T11:00:00+08:00,2026-06-23,11:00,周二,Jordan,约旦,Algeria,阿尔及利亚,Jordan vs Algeria,约旦 vs 阿尔及利亚,1,2,away_win,post,已完赛,FT,Levi's Stadium,"Santa Clara, California",USA,2026-06-23T03:00Z
45,760461,小组赛,K,2026-06-24T01:00:00+08:00,2026-06-24,01:00,周三,Portugal,葡萄牙,Uzbekistan,乌兹别克斯坦,Portugal vs Uzbekistan,葡萄牙 vs 乌兹别克斯坦,5,0,home_win,post,已完赛,FT,NRG Stadium,"Houston, Texas",USA,2026-06-23T17:00Z
46,760458,小组赛,L,2026-06-24T04:00:00+08:00,2026-06-24,04:00,周三,England,英格兰,Ghana,加纳,England vs Ghana,英格兰 vs 加纳,0,0,draw,post,已完赛,FT,Gillette Stadium,"Foxborough, Massachusetts",USA,2026-06-23T20:00Z
47,760460,小组赛,L,2026-06-24T07:00:00+08:00,2026-06-24,07:00,周三,Panama,巴拿马,Croatia,克罗地亚,Panama vs Croatia,巴拿马 vs 克罗地亚,0,1,away_win,post,已完赛,FT,BMO Field,Toronto,Canada,2026-06-23T23:00Z
48,760459,小组赛,K,2026-06-24T10:00:00+08:00,2026-06-24,10:00,周三,Colombia,哥伦比亚,Congo DR,刚果(金),Colombia vs Congo DR,哥伦比亚 vs 刚果(金),1,0,home_win,post,已完赛,FT,Estadio Akron,Guadalajara,Mexico,2026-06-24T02:00Z
49,760462,小组赛,B,2026-06-25T03:00:00+08:00,2026-06-25,03:00,周四,Bosnia-Herzegovina,波黑,Qatar,卡塔尔,Bosnia-Herzegovina vs Qatar,波黑 vs 卡塔尔,3,1,home_win,post,已完赛,FT,Lumen Field,"Seattle, Washington",USA,2026-06-24T19:00Z
50,760463,小组赛,B,2026-06-25T03:00:00+08:00,2026-06-25,03:00,周四,Switzerland,瑞士,Canada,加拿大,Switzerland vs Canada,瑞士 vs 加拿大,2,1,home_win,post,已完赛,FT,BC Place,Vancouver,Canada,2026-06-24T19:00Z
51,760464,小组赛,C,2026-06-25T06:00:00+08:00,2026-06-25,06:00,周四,Morocco,摩洛哥,Haiti,海地,Morocco vs Haiti,摩洛哥 vs 海地,4,2,home_win,post,已完赛,FT,Mercedes-Benz Stadium,"Atlanta, Georgia",USA,2026-06-24T22:00Z
52,760465,小组赛,C,2026-06-25T06:00:00+08:00,2026-06-25,06:00,周四,Scotland,苏格兰,Brazil,巴西,Scotland vs Brazil,苏格兰 vs 巴西,0,3,away_win,post,已完赛,FT,Hard Rock Stadium,"Miami Gardens, Florida",USA,2026-06-24T22:00Z
53,760467,小组赛,A,2026-06-25T09:00:00+08:00,2026-06-25,09:00,周四,Czechia,捷克,Mexico,墨西哥,Czechia vs Mexico,捷克 vs 墨西哥,0,3,away_win,post,已完赛,FT,Estadio Banorte,Mexico City,Mexico,2026-06-25T01:00Z
54,760466,小组赛,A,2026-06-25T09:00:00+08:00,2026-06-25,09:00,周四,South Africa,南非,South Korea,韩国,South Africa vs South Korea,南非 vs 韩国,1,0,home_win,post,已完赛,FT,Estadio BBVA,Guadalupe,Mexico,2026-06-25T01:00Z
55,760473,小组赛,E,2026-06-26T04:00:00+08:00,2026-06-26,04:00,周五,Curaçao,库拉索,Ivory Coast,科特迪瓦,Curaçao vs Ivory Coast,库拉索 vs 科特迪瓦,0,2,away_win,post,已完赛,FT,Lincoln Financial Field,"Philadelphia, Pennsylvania",USA,2026-06-25T20:00Z
56,760468,小组赛,E,2026-06-26T04:00:00+08:00,2026-06-26,04:00,周五,Ecuador,厄瓜多尔,Germany,德国,Ecuador vs Germany,厄瓜多尔 vs 德国,2,1,home_win,post,已完赛,FT,MetLife Stadium,"East Rutherford, New Jersey",USA,2026-06-25T20:00Z
57,760471,小组赛,F,2026-06-26T07:00:00+08:00,2026-06-26,07:00,周五,Japan,日本,Sweden,瑞典,Japan vs Sweden,日本 vs 瑞典,1,1,draw,post,已完赛,FT,AT&T Stadium,"Arlington, Texas",USA,2026-06-25T23:00Z
58,760472,小组赛,F,2026-06-26T07:00:00+08:00,2026-06-26,07:00,周五,Tunisia,突尼斯,Netherlands,荷兰,Tunisia vs Netherlands,突尼斯 vs 荷兰,1,3,away_win,post,已完赛,FT,GEHA Field at Arrowhead Stadium,"Kansas City, Missouri",USA,2026-06-25T23:00Z
59,760469,小组赛,D,2026-06-26T10:00:00+08:00,2026-06-26,10:00,周五,Paraguay,巴拉圭,Australia,澳大利亚,Paraguay vs Australia,巴拉圭 vs 澳大利亚,0,0,draw,post,已完赛,FT,Levi's Stadium,"Santa Clara, California",USA,2026-06-26T02:00Z
60,760470,小组赛,D,2026-06-26T10:00:00+08:00,2026-06-26,10:00,周五,Türkiye,土耳其,United States,美国,Türkiye vs United States,土耳其 vs 美国,3,2,home_win,post,已完赛,FT,SoFi Stadium,"Inglewood, California",USA,2026-06-26T02:00Z
61,760475,小组赛,I,2026-06-27T03:00:00+08:00,2026-06-27,03:00,周六,Norway,挪威,France,法国,Norway vs France,挪威 vs 法国,1,4,away_win,post,已完赛,FT,Gillette Stadium,"Foxborough, Massachusetts",USA,2026-06-26T19:00Z
62,760474,小组赛,I,2026-06-27T03:00:00+08:00,2026-06-27,03:00,周六,Senegal,塞内加尔,Iraq,伊拉克,Senegal vs Iraq,塞内加尔 vs 伊拉克,5,0,home_win,post,已完赛,FT,BMO Field,Toronto,Canada,2026-06-26T19:00Z
63,760478,小组赛,H,2026-06-27T08:00:00+08:00,2026-06-27,08:00,周六,Cape Verde,佛得角,Saudi Arabia,沙特阿拉伯,Cape Verde vs Saudi Arabia,佛得角 vs 沙特阿拉伯,0,0,draw,post,已完赛,FT,NRG Stadium,"Houston, Texas",USA,2026-06-27T00:00Z
64,760479,小组赛,H,2026-06-27T08:00:00+08:00,2026-06-27,08:00,周六,Uruguay,乌拉圭,Spain,西班牙,Uruguay vs Spain,乌拉圭 vs 西班牙,0,1,away_win,post,已完赛,FT,Estadio Akron,Guadalajara,Mexico,2026-06-27T00:00Z
65,760476,小组赛,G,2026-06-27T11:00:00+08:00,2026-06-27,11:00,周六,Egypt,埃及,Iran,伊朗,Egypt vs Iran,埃及 vs 伊朗,1,1,draw,post,已完赛,FT,Lumen Field,"Seattle, Washington",USA,2026-06-27T03:00Z
66,760477,小组赛,G,2026-06-27T11:00:00+08:00,2026-06-27,11:00,周六,New Zealand,新西兰,Belgium,比利时,New Zealand vs Belgium,新西兰 vs 比利时,1,5,away_win,post,已完赛,FT,BC Place,Vancouver,Canada,2026-06-27T03:00Z
67,760480,小组赛,L,2026-06-28T05:00:00+08:00,2026-06-28,05:00,周日,Croatia,克罗地亚,Ghana,加纳,Croatia vs Ghana,克罗地亚 vs 加纳,2,1,home_win,post,已完赛,FT,Lincoln Financial Field,"Philadelphia, Pennsylvania",USA,2026-06-27T21:00Z
68,760485,小组赛,L,2026-06-28T05:00:00+08:00,2026-06-28,05:00,周日,Panama,巴拿马,England,英格兰,Panama vs England,巴拿马 vs 英格兰,0,2,away_win,post,已完赛,FT,MetLife Stadium,"East Rutherford, New Jersey",USA,2026-06-27T21:00Z
69,760481,小组赛,K,2026-06-28T07:30:00+08:00,2026-06-28,07:30,周日,Colombia,哥伦比亚,Portugal,葡萄牙,Colombia vs Portugal,哥伦比亚 vs 葡萄牙,0,0,draw,post,已完赛,FT,Hard Rock Stadium,"Miami Gardens, Florida",USA,2026-06-27T23:30Z
70,760482,小组赛,K,2026-06-28T07:30:00+08:00,2026-06-28,07:30,周日,Congo DR,刚果(金),Uzbekistan,乌兹别克斯坦,Congo DR vs Uzbekistan,刚果(金) vs 乌兹别克斯坦,3,1,home_win,post,已完赛,FT,Mercedes-Benz Stadium,"Atlanta, Georgia",USA,2026-06-27T23:30Z
71,760484,小组赛,J,2026-06-28T10:00:00+08:00,2026-06-28,10:00,周日,Algeria,阿尔及利亚,Austria,奥地利,Algeria vs Austria,阿尔及利亚 vs 奥地利,3,3,draw,post,已完赛,FT,GEHA Field at Arrowhead Stadium,"Kansas City, Missouri",USA,2026-06-28T02:00Z
72,760483,小组赛,J,2026-06-28T10:00:00+08:00,2026-06-28,10:00,周日,Jordan,约旦,Argentina,阿根廷,Jordan vs Argentina,约旦 vs 阿根廷,1,3,away_win,post,已完赛,FT,AT&T Stadium,"Arlington, Texas",USA,2026-06-28T02:00Z
73,760486,1/16决赛,,2026-06-29T03:00:00+08:00,2026-06-29,03:00,周一,South Africa,南非,Canada,加拿大,South Africa vs Canada,南非 vs 加拿大,0,1,away_win,post,已完赛,FT,SoFi Stadium,"Inglewood, California",USA,2026-06-28T19:00Z
74,760487,1/16决赛,,2026-06-30T01:00:00+08:00,2026-06-30,01:00,周二,Brazil,巴西,Japan,日本,Brazil vs Japan,巴西 vs 日本,2,1,home_win,post,已完赛,FT,NRG Stadium,"Houston, Texas",USA,2026-06-29T17:00Z
75,760489,1/16决赛,,2026-06-30T04:30:00+08:00,2026-06-30,04:30,周二,Germany,德国,Paraguay,巴拉圭,Germany vs Paraguay,德国 vs 巴拉圭,1,1,draw,post,已完赛,FT-Pens,Gillette Stadium,"Foxborough, Massachusetts",USA,2026-06-29T20:30Z
76,760488,1/16决赛,,2026-06-30T09:00:00+08:00,2026-06-30,09:00,周二,Netherlands,荷兰,Morocco,摩洛哥,Netherlands vs Morocco,荷兰 vs 摩洛哥,,,,pre,未开赛,"Mon, June 29th at 9:00 PM EDT",Estadio BBVA,Guadalupe,Mexico,2026-06-30T01:00Z
77,760490,1/16决赛,,2026-07-01T01:00:00+08:00,2026-07-01,01:00,周三,Ivory Coast,科特迪瓦,Norway,挪威,Ivory Coast vs Norway,科特迪瓦 vs 挪威,,,,pre,未开赛,"Tue, June 30th at 1:00 PM EDT",AT&T Stadium,"Arlington, Texas",USA,2026-06-30T17:00Z
78,760492,1/16决赛,,2026-07-01T05:00:00+08:00,2026-07-01,05:00,周三,France,法国,Sweden,瑞典,France vs Sweden,法国 vs 瑞典,,,,pre,未开赛,"Tue, June 30th at 5:00 PM EDT",MetLife Stadium,"East Rutherford, New Jersey",USA,2026-06-30T21:00Z
79,760491,1/16决赛,,2026-07-01T09:00:00+08:00,2026-07-01,09:00,周三,Mexico,墨西哥,Ecuador,厄瓜多尔,Mexico vs Ecuador,墨西哥 vs 厄瓜多尔,,,,pre,未开赛,"Tue, June 30th at 9:00 PM EDT",Estadio Banorte,Mexico City,Mexico,2026-07-01T01:00Z
80,760495,1/16决赛,,2026-07-02T00:00:00+08:00,2026-07-02,00:00,周四,England,英格兰,Congo DR,刚果(金),England vs Congo DR,英格兰 vs 刚果(金),,,,pre,未开赛,"Wed, July 1st at 12:00 PM EDT",Mercedes-Benz Stadium,"Atlanta, Georgia",USA,2026-07-01T16:00Z
81,760493,1/16决赛,,2026-07-02T04:00:00+08:00,2026-07-02,04:00,周四,Belgium,比利时,Senegal,塞内加尔,Belgium vs Senegal,比利时 vs 塞内加尔,,,,pre,未开赛,"Wed, July 1st at 4:00 PM EDT",Lumen Field,"Seattle, Washington",USA,2026-07-01T20:00Z
82,760494,1/16决赛,,2026-07-02T08:00:00+08:00,2026-07-02,08:00,周四,United States,美国,Bosnia-Herzegovina,波黑,United States vs Bosnia-Herzegovina,美国 vs 波黑,,,,pre,未开赛,"Wed, July 1st at 8:00 PM EDT",Levi's Stadium,"Santa Clara, California",USA,2026-07-02T00:00Z
83,760497,1/16决赛,,2026-07-03T03:00:00+08:00,2026-07-03,03:00,周五,Spain,西班牙,Austria,奥地利,Spain vs Austria,西班牙 vs 奥地利,,,,pre,未开赛,"Thu, July 2nd at 3:00 PM EDT",SoFi Stadium,"Inglewood, California",USA,2026-07-02T19:00Z
84,760496,1/16决赛,,2026-07-03T07:00:00+08:00,2026-07-03,07:00,周五,Portugal,葡萄牙,Croatia,克罗地亚,Portugal vs Croatia,葡萄牙 vs 克罗地亚,,,,pre,未开赛,"Thu, July 2nd at 7:00 PM EDT",BMO Field,Toronto,Canada,2026-07-02T23:00Z
85,760498,1/16决赛,,2026-07-03T11:00:00+08:00,2026-07-03,11:00,周五,Switzerland,瑞士,Algeria,阿尔及利亚,Switzerland vs Algeria,瑞士 vs 阿尔及利亚,,,,pre,未开赛,"Thu, July 2nd at 11:00 PM EDT",BC Place,Vancouver,Canada,2026-07-03T03:00Z
86,760499,1/16决赛,,2026-07-04T02:00:00+08:00,2026-07-04,02:00,周六,Australia,澳大利亚,Egypt,埃及,Australia vs Egypt,澳大利亚 vs 埃及,,,,pre,未开赛,"Fri, July 3rd at 2:00 PM EDT",AT&T Stadium,"Arlington, Texas",USA,2026-07-03T18:00Z
87,760500,1/16决赛,,2026-07-04T06:00:00+08:00,2026-07-04,06:00,周六,Argentina,阿根廷,Cape Verde,佛得角,Argentina vs Cape Verde,阿根廷 vs 佛得角,,,,pre,未开赛,"Fri, July 3rd at 6:00 PM EDT",Hard Rock Stadium,"Miami Gardens, Florida",USA,2026-07-03T22:00Z
88,760501,1/16决赛,,2026-07-04T09:30:00+08:00,2026-07-04,09:30,周六,Colombia,哥伦比亚,Ghana,加纳,Colombia vs Ghana,哥伦比亚 vs 加纳,,,,pre,未开赛,"Fri, July 3rd at 9:30 PM EDT",GEHA Field at Arrowhead Stadium,"Kansas City, Missouri",USA,2026-07-04T01:30Z
89,760502,1/8决赛,,2026-07-05T01:00:00+08:00,2026-07-05,01:00,周日,Canada,加拿大,Round of 32 3 Winner,1/16决赛第3场胜者,Canada vs Round of 32 3 Winner,加拿大 vs 1/16决赛第3场胜者,,,,pre,未开赛,"Sat, July 4th at 1:00 PM EDT",NRG Stadium,"Houston, Texas",USA,2026-07-04T17:00Z
90,760503,1/8决赛,,2026-07-05T05:00:00+08:00,2026-07-05,05:00,周日,Paraguay,巴拉圭,Round of 32 5 Winner,1/16决赛第5场胜者,Paraguay vs Round of 32 5 Winner,巴拉圭 vs 1/16决赛第5场胜者,,,,pre,未开赛,"Sat, July 4th at 5:00 PM EDT",Lincoln Financial Field,"Philadelphia, Pennsylvania",USA,2026-07-04T21:00Z
91,760504,1/8决赛,,2026-07-06T04:00:00+08:00,2026-07-06,04:00,周一,Brazil,巴西,Round of 32 6 Winner,1/16决赛第6场胜者,Brazil vs Round of 32 6 Winner,巴西 vs 1/16决赛第6场胜者,,,,pre,未开赛,"Sun, July 5th at 4:00 PM EDT",MetLife Stadium,"East Rutherford, New Jersey",USA,2026-07-05T20:00Z
92,760505,1/8决赛,,2026-07-06T08:00:00+08:00,2026-07-06,08:00,周一,Round of 32 7 Winner,1/16决赛第7场胜者,Round of 32 8 Winner,1/16决赛第8场胜者,Round of 32 7 Winner vs Round of 32 8 Winner,1/16决赛第7场胜者 vs 1/16决赛第8场胜者,,,,pre,未开赛,"Sun, July 5th at 8:00 PM EDT",Estadio Banorte,Mexico City,Mexico,2026-07-06T00:00Z
93,760506,1/8决赛,,2026-07-07T03:00:00+08:00,2026-07-07,03:00,周二,Round of 32 11 Winner,1/16决赛第11场胜者,Round of 32 12 Winner,1/16决赛第12场胜者,Round of 32 11 Winner vs Round of 32 12 Winner,1/16决赛第11场胜者 vs 1/16决赛第12场胜者,,,,pre,未开赛,"Mon, July 6th at 3:00 PM EDT",AT&T Stadium,"Arlington, Texas",USA,2026-07-06T19:00Z
94,760507,1/8决赛,,2026-07-07T08:00:00+08:00,2026-07-07,08:00,周二,Round of 32 9 Winner,1/16决赛第9场胜者,Round of 32 10 Winner,1/16决赛第10场胜者,Round of 32 9 Winner vs Round of 32 10 Winner,1/16决赛第9场胜者 vs 1/16决赛第10场胜者,,,,pre,未开赛,"Mon, July 6th at 8:00 PM EDT",Lumen Field,"Seattle, Washington",USA,2026-07-07T00:00Z
95,760509,1/8决赛,,2026-07-08T00:00:00+08:00,2026-07-08,00:00,周三,Round of 32 14 Winner,1/16决赛第14场胜者,Round of 32 16 Winner,1/16决赛第16场胜者,Round of 32 14 Winner vs Round of 32 16 Winner,1/16决赛第14场胜者 vs 1/16决赛第16场胜者,,,,pre,未开赛,"Tue, July 7th at 12:00 PM EDT",Mercedes-Benz Stadium,"Atlanta, Georgia",USA,2026-07-07T16:00Z
96,760508,1/8决赛,,2026-07-08T04:00:00+08:00,2026-07-08,04:00,周三,Round of 32 13 Winner,1/16决赛第13场胜者,Round of 32 15 Winner,1/16决赛第15场胜者,Round of 32 13 Winner vs Round of 32 15 Winner,1/16决赛第13场胜者 vs 1/16决赛第15场胜者,,,,pre,未开赛,"Tue, July 7th at 4:00 PM EDT",BC Place,Vancouver,Canada,2026-07-07T20:00Z
97,760510,1/4决赛,,2026-07-10T04:00:00+08:00,2026-07-10,04:00,周五,Round of 16 1 Winner,1/8决赛第1场胜者,Round of 16 2 Winner,1/8决赛第2场胜者,Round of 16 1 Winner vs Round of 16 2 Winner,1/8决赛第1场胜者 vs 1/8决赛第2场胜者,,,,pre,未开赛,"Thu, July 9th at 4:00 PM EDT",Gillette Stadium,"Foxborough, Massachusetts",USA,2026-07-09T20:00Z
98,760511,1/4决赛,,2026-07-11T03:00:00+08:00,2026-07-11,03:00,周六,Round of 16 5 Winner,1/8决赛第5场胜者,Round of 16 6 Winner,1/8决赛第6场胜者,Round of 16 5 Winner vs Round of 16 6 Winner,1/8决赛第5场胜者 vs 1/8决赛第6场胜者,,,,pre,未开赛,"Fri, July 10th at 3:00 PM EDT",SoFi Stadium,"Inglewood, California",USA,2026-07-10T19:00Z
99,760512,1/4决赛,,2026-07-12T05:00:00+08:00,2026-07-12,05:00,周日,Round of 16 3 Winner,1/8决赛第3场胜者,Round of 16 4 Winner,1/8决赛第4场胜者,Round of 16 3 Winner vs Round of 16 4 Winner,1/8决赛第3场胜者 vs 1/8决赛第4场胜者,,,,pre,未开赛,"Sat, July 11th at 5:00 PM EDT",Hard Rock Stadium,"Miami Gardens, Florida",USA,2026-07-11T21:00Z
100,760513,1/4决赛,,2026-07-12T09:00:00+08:00,2026-07-12,09:00,周日,Round of 16 7 Winner,1/8决赛第7场胜者,Round of 16 8 Winner,1/8决赛第8场胜者,Round of 16 7 Winner vs Round of 16 8 Winner,1/8决赛第7场胜者 vs 1/8决赛第8场胜者,,,,pre,未开赛,"Sat, July 11th at 9:00 PM EDT",GEHA Field at Arrowhead Stadium,"Kansas City, Missouri",USA,2026-07-12T01:00Z
101,760514,半决赛,,2026-07-15T03:00:00+08:00,2026-07-15,03:00,周三,Quarterfinal 1 Winner,1/4决赛第1场胜者,Quarterfinal 2 Winner,1/4决赛第2场胜者,Quarterfinal 1 Winner vs Quarterfinal 2 Winner,1/4决赛第1场胜者 vs 1/4决赛第2场胜者,,,,pre,未开赛,"Tue, July 14th at 3:00 PM EDT",AT&T Stadium,"Arlington, Texas",USA,2026-07-14T19:00Z
102,760515,半决赛,,2026-07-16T03:00:00+08:00,2026-07-16,03:00,周四,Quarterfinal 3 Winner,1/4决赛第3场胜者,Quarterfinal 4 Winner,1/4决赛第4场胜者,Quarterfinal 3 Winner vs Quarterfinal 4 Winner,1/4决赛第3场胜者 vs 1/4决赛第4场胜者,,,,pre,未开赛,"Wed, July 15th at 3:00 PM EDT",Mercedes-Benz Stadium,"Atlanta, Georgia",USA,2026-07-15T19:00Z
103,760516,三四名决赛,,2026-07-19T05:00:00+08:00,2026-07-19,05:00,周日,Semifinal 1 Loser,半决赛第1场负者,Semifinal 2 Loser,半决赛第2场负者,Semifinal 1 Loser vs Semifinal 2 Loser,半决赛第1场负者 vs 半决赛第2场负者,,,,pre,未开赛,"Sat, July 18th at 5:00 PM EDT",Hard Rock Stadium,"Miami Gardens, Florida",USA,2026-07-18T21:00Z
104,760517,决赛,,2026-07-20T03:00:00+08:00,2026-07-20,03:00,周一,Semifinal 1 Winner,半决赛第1场胜者,Semifinal 2 Winner,半决赛第2场胜者,Semifinal 1 Winner vs Semifinal 2 Winner,半决赛第1场胜者 vs 半决赛第2场胜者,,,,pre,未开赛,"Sun, July 19th at 3:00 PM EDT",MetLife Stadium,"East Rutherford, New Jersey",USA,2026-07-19T19:00Z
